Time,Speed,Vehicle Category,Road ID,Treatment or Control,Speed Limit,Additional Markings,Street Lights,AB or BA,Estimated Reading Angle
8:00,41,SUV,1,C,45,FALSE ,TRUE,AB,
8:00,43,Sedan,1,C,45,FALSE ,TRUE,AB,
8:00,41,Sedan,1,C,45,FALSE ,TRUE,AB,
8:00,46,Sedan,1,C,45,FALSE ,TRUE,AB,
8:00,39,Sedan,1,C,45,FALSE ,TRUE,AB,
8:00,41,SUV,1,C,45,FALSE ,TRUE,AB,
8:00,43,Sedan,1,C,45,FALSE ,TRUE,AB,
8:00,42,Sedan,1,C,45,FALSE ,TRUE,AB,
8:00,41,SUV,1,C,45,FALSE ,TRUE,AB,
8:00,36,Sedan,1,C,45,FALSE ,TRUE,AB,
8:00,39,SUV,1,C,45,FALSE ,TRUE,AB,
8:00,45,Sedan,1,C,45,FALSE ,TRUE,AB,
8:00,42,Sedan,1,C,45,FALSE ,TRUE,AB,
8:00,45,Sedan,1,C,45,FALSE ,TRUE,AB,
8:00,48,Sedan,1,C,45,FALSE ,TRUE,AB,
8:00,38,Compact,1,C,45,FALSE ,TRUE,AB,
8:00,40,SUV,1,C,45,FALSE ,TRUE,AB,
8:00,40,Sedan,1,C,45,FALSE ,TRUE,AB,
8:00,40,Sedan,1,C,45,FALSE ,TRUE,AB,
8:00,38,Sedan,1,C,45,FALSE ,TRUE,AB,
8:00,41,Truck,1,C,45,FALSE ,TRUE,AB,
8:00,46,Compact,1,C,45,FALSE ,TRUE,AB,
8:00,45,Truck,1,C,45,FALSE ,TRUE,AB,
8:00,46,SUV,1,C,45,FALSE ,TRUE,AB,
8:00,33,SUV,1,C,45,FALSE ,TRUE,AB,
8:00,44,Sedan,1,C,45,FALSE ,TRUE,AB,
8:00,51,Sedan,1,C,45,FALSE ,TRUE,AB,
8:00,39,Compact,1,C,45,FALSE ,TRUE,AB,
8:00,42,SUV,1,C,45,FALSE ,TRUE,AB,
8:00,39,SUV,1,C,45,FALSE ,TRUE,AB,
8:00,38,SUV,1,C,45,FALSE ,TRUE,AB,
8:00,40,Sedan,1,C,45,FALSE ,TRUE,AB,
8:00,41,Sedan,1,C,45,FALSE ,TRUE,AB,
8:00,36,SUV,1,C,45,FALSE ,TRUE,AB,
8:00,38,Truck,1,C,45,FALSE ,TRUE,AB,
8:00,40,Sedan,1,C,45,FALSE ,TRUE,AB,
8:00,38,SUV,1,C,45,FALSE ,TRUE,AB,
8:00,38,Sedan,1,C,45,FALSE ,TRUE,AB,
8:00,34,Sedan,1,C,45,FALSE ,TRUE,AB,
8:00,43,Sedan,1,C,45,FALSE ,TRUE,AB,
8:00,31,Sedan,1,C,45,FALSE ,TRUE,AB,
8:00,39,Compact,1,C,45,FALSE ,TRUE,AB,
8:00,38,SUV,1,C,45,FALSE ,TRUE,AB,
8:00,38,SUV,1,C,45,FALSE ,TRUE,AB,
8:00,44,SUV,1,C,45,FALSE ,TRUE,AB,
8:00,37,Sedan,1,C,45,FALSE ,TRUE,AB,
8:00,43,SUV,1,C,45,FALSE ,TRUE,AB,
8:00,34,Compact,1,C,45,FALSE ,TRUE,AB,
8:00,41,SUV,1,C,45,FALSE ,TRUE,AB,
8:00,38,Truck,1,C,45,FALSE ,TRUE,AB,
8:00,41,SUV,1,C,45,FALSE ,TRUE,AB,
8:00,40,SUV,1,C,45,FALSE ,TRUE,AB,
8:00,44,SUV,1,C,45,FALSE ,TRUE,AB,
8:00,51,Sedan,1,C,45,FALSE ,TRUE,AB,
8:00,37,Sedan,1,C,45,FALSE ,TRUE,AB,
8:00,53,Sedan,1,C,45,FALSE ,TRUE,AB,
8:00,32,Commerical,1,C,45,FALSE ,TRUE,AB,
8:00,41,Sedan,1,C,45,FALSE ,TRUE,AB,
8:00,44,Truck,1,C,45,FALSE ,TRUE,AB,
8:00,40,SUV,1,C,45,FALSE ,TRUE,AB,
8:00,49,Sedan,1,C,45,FALSE ,TRUE,AB,
8:00,46,Sedan,1,C,45,FALSE ,TRUE,AB,
8:00,49,SUV,1,C,45,FALSE ,TRUE,AB,
8:00,38,Sedan,1,C,45,FALSE ,TRUE,AB,
8:00,37,SUV,1,C,45,FALSE ,TRUE,AB,
8:00,37,Sedan,1,C,45,FALSE ,TRUE,AB,
8:00,43,Sedan,1,C,45,FALSE ,TRUE,AB,
8:00,42,SUV,1,C,45,FALSE ,TRUE,AB,
8:30,48,Truck,1,C,45,FALSE ,TRUE,AB,
8:30,43,SUV,1,C,45,FALSE ,TRUE,AB,
8:30,44,Sedan,1,C,45,FALSE ,TRUE,AB,
8:30,37,Truck,1,C,45,FALSE ,TRUE,AB,
8:30,43,SUV,1,C,45,FALSE ,TRUE,AB,
8:30,37,SUV,1,C,45,FALSE ,TRUE,AB,
8:30,42,SUV,1,C,45,FALSE ,TRUE,AB,
8:30,43,Sedan,1,C,45,FALSE ,TRUE,AB,
8:30,39,SUV,1,T,45,FALSE ,TRUE,AB,
8:30,42,SUV,1,T,45,FALSE ,TRUE,AB,
8:30,52,Motorcycle,1,T,45,FALSE ,TRUE,AB,
8:30,37,SUV,1,T,45,FALSE ,TRUE,AB,
8:30,36,Sedan,1,T,45,FALSE ,TRUE,AB,
8:30,45,SUV,1,T,45,FALSE ,TRUE,AB,
8:30,47,Sedan,1,T,45,FALSE ,TRUE,AB,
8:30,40,Sedan,1,T,45,FALSE ,TRUE,AB,
8:30,49,SUV,1,T,45,FALSE ,TRUE,AB,
8:30,39,SUV,1,T,45,FALSE ,TRUE,AB,
8:30,44,SUV,1,T,45,FALSE ,TRUE,AB,
8:30,45,SUV,1,T,45,FALSE ,TRUE,AB,
8:30,37,SUV,1,T,45,FALSE ,TRUE,AB,
8:30,40,SUV,1,T,45,FALSE ,TRUE,AB,
8:30,48,SUV,1,T,45,FALSE ,TRUE,AB,
8:30,35,Truck,1,T,45,FALSE ,TRUE,AB,
8:30,46,Sedan,1,T,45,FALSE ,TRUE,AB,
8:30,41,SUV,1,T,45,FALSE ,TRUE,AB,
8:30,45,Sedan,1,T,45,FALSE ,TRUE,AB,
8:30,37,Van,1,T,45,FALSE ,TRUE,AB,
8:30,40,SUV,1,T,45,FALSE ,TRUE,AB,
9:00,40,Sedan,1,T,45,FALSE ,TRUE,AB,
9:00,32,Sedan,1,T,45,FALSE ,TRUE,AB,
9:00,36,SUV,1,T,45,FALSE ,TRUE,AB,
9:00,34,Sedan,1,T,45,FALSE ,TRUE,AB,
9:00,42,SUV,1,T,45,FALSE ,TRUE,AB,
9:00,34,Sedan,1,T,45,FALSE ,TRUE,AB,
9:00,37,Sedan,1,T,45,FALSE ,TRUE,AB,
9:00,48,SUV,1,T,45,FALSE ,TRUE,AB,
9:00,37,SUV,1,T,45,FALSE ,TRUE,AB,
9:00,43,SUV,1,T,45,FALSE ,TRUE,AB,
9:00,39,Truck,1,T,45,FALSE ,TRUE,AB,
9:00,38,Truck,1,T,45,FALSE ,TRUE,AB,
9:00,34,Truck,1,T,45,FALSE ,TRUE,AB,
9:00,38,Sedan,1,T,45,FALSE ,TRUE,AB,
9:00,40,SUV,1,T,45,FALSE ,TRUE,AB,
9:00,34,SUV,1,T,45,FALSE ,TRUE,AB,
9:00,49,Truck,1,T,45,FALSE ,TRUE,AB,
9:00,33,Compact,1,T,45,FALSE ,TRUE,AB,
9:00,35,Sedan,1,T,45,FALSE ,TRUE,AB,
9:00,46,Sedan,1,T,45,FALSE ,TRUE,AB,
9:00,43,SUV,1,T,45,FALSE ,TRUE,AB,
9:00,35,SUV,1,T,45,FALSE ,TRUE,AB,
9:00,30,SUV,1,T,45,FALSE ,TRUE,AB,
9:00,43,Sedan,1,T,45,FALSE ,TRUE,AB,
9:00,34,Compact,1,T,45,FALSE ,TRUE,AB,
9:00,43,Sedan,1,T,45,FALSE ,TRUE,AB,
9:00,48,Sedan,1,T,45,FALSE ,TRUE,AB,
9:00,33,Compact,1,T,45,FALSE ,TRUE,AB,
9:00,36,SUV,1,T,45,FALSE ,TRUE,AB,
9:00,38,Sedan,1,T,45,FALSE ,TRUE,AB,
9:00,40,SUV,1,T,45,FALSE ,TRUE,AB,
9:00,36,Truck,1,T,45,FALSE ,TRUE,AB,
9:00,39,Truck,1,T,45,FALSE ,TRUE,AB,
9:00,46,SUV,1,T,45,FALSE ,TRUE,AB,
9:00,35,Sedan,1,T,45,FALSE ,TRUE,AB,
9:00,34,SUV,1,T,45,FALSE ,TRUE,AB,
9:00,29,Commerical,1,T,45,FALSE ,TRUE,AB,
9:00,34,Truck,1,T,45,FALSE ,TRUE,AB,
9:00,35,SUV,1,T,45,FALSE ,TRUE,AB,
9:00,32,Compact,1,T,45,FALSE ,TRUE,AB,
9:00,42,Sedan,1,T,45,FALSE ,TRUE,AB,
9:00,46,SUV,1,T,45,FALSE ,TRUE,AB,
9:00,35,Sedan,1,T,45,FALSE ,TRUE,AB,
9:00,52,SUV,1,T,45,FALSE ,TRUE,AB,
9:00,37,SUV,1,T,45,FALSE ,TRUE,AB,
9:00,40,Sedan,1,T,45,FALSE ,TRUE,AB,
9:00,33,Sedan,1,T,45,FALSE ,TRUE,AB,
9:00,44,Sedan,1,T,45,FALSE ,TRUE,AB,
9:00,39,Sedan,1,T,45,FALSE ,TRUE,AB,
9:00,37,SUV,1,T,45,FALSE ,TRUE,AB,
9:00,39,SUV,1,T,45,FALSE ,TRUE,AB,
9:00,38,SUV,1,T,45,FALSE ,TRUE,AB,
9:00,39,Sedan,1,T,45,FALSE ,TRUE,AB,
9:00,38,SUV,1,T,45,FALSE ,TRUE,AB,
9:00,39,Sedan,1,T,45,FALSE ,TRUE,AB,
8:00,40,Truck,1,T,45,FALSE ,TRUE,BA,
8:00,28,SUV,1,T,45,FALSE ,TRUE,BA,
8:00,29,Sedan,1,T,45,FALSE ,TRUE,BA,
8:00,43,Truck,1,T,45,FALSE ,TRUE,BA,
8:00,37,Sedan,1,T,45,FALSE ,TRUE,BA,
8:00,31,Sedan,1,T,45,FALSE ,TRUE,BA,
8:00,37,SUV,1,T,45,FALSE ,TRUE,BA,
8:00,40,Truck,1,T,45,FALSE ,TRUE,BA,
8:00,41,SUV,1,T,45,FALSE ,TRUE,BA,
8:00,42,Sedan,1,T,45,FALSE ,TRUE,BA,
8:00,46,Sedan,1,T,45,FALSE ,TRUE,BA,
8:00,38,Sedan,1,T,45,FALSE ,TRUE,BA,
8:00,42,SUV,1,T,45,FALSE ,TRUE,BA,
8:00,38,Sedan,1,T,45,FALSE ,TRUE,BA,
8:00,45,Sedan,1,T,45,FALSE ,TRUE,BA,
8:00,39,Van,1,T,45,FALSE ,TRUE,BA,
8:00,43,Truck,1,T,45,FALSE ,TRUE,BA,
8:00,40,Sedan,1,T,45,FALSE ,TRUE,BA,
8:00,40,Sedan,1,T,45,FALSE ,TRUE,BA,
8:00,34,Van,1,T,45,FALSE ,TRUE,BA,
8:00,35,Sedan,1,T,45,FALSE ,TRUE,BA,
8:00,43,Sedan,1,T,45,FALSE ,TRUE,BA,
8:00,39,Sedan,1,T,45,FALSE ,TRUE,BA,
8:00,38,Van,1,T,45,FALSE ,TRUE,BA,
8:00,42,Sedan,1,T,45,FALSE ,TRUE,BA,
8:00,35,Truck,1,T,45,FALSE ,TRUE,BA,
8:00,45,SUV,1,T,45,FALSE ,TRUE,BA,
8:00,40,Compact,1,T,45,FALSE ,TRUE,BA,
8:00,43,Truck,1,T,45,FALSE ,TRUE,BA,
8:00,34,SUV,1,T,45,FALSE ,TRUE,BA,
8:00,34,Truck,1,T,45,FALSE ,TRUE,BA,
8:00,43,SUV,1,T,45,FALSE ,TRUE,BA,
8:00,38,Sedan,1,T,45,FALSE ,TRUE,BA,
8:00,37,Truck,1,T,45,FALSE ,TRUE,BA,
8:00,38,Sedan,1,T,45,FALSE ,TRUE,BA,
8:00,39,Sedan,1,T,45,FALSE ,TRUE,BA,
8:00,45,Commerical,1,T,45,FALSE ,TRUE,BA,
8:00,46,Sedan,1,T,45,FALSE ,TRUE,BA,
8:00,41,Sedan,1,T,45,FALSE ,TRUE,BA,
8:00,46,Sedan,1,T,45,FALSE ,TRUE,BA,
8:00,49,SUV,1,T,45,FALSE ,TRUE,BA,
8:00,51,Sedan,1,T,45,FALSE ,TRUE,BA,
8:00,41,Sedan,1,T,45,FALSE ,TRUE,BA,
8:00,35,Sedan,1,T,45,FALSE ,TRUE,BA,
8:00,40,SUV,1,T,45,FALSE ,TRUE,BA,
8:00,48,Sedan,1,T,45,FALSE ,TRUE,BA,
8:00,48,Sedan,1,T,45,FALSE ,TRUE,BA,
8:00,41,SUV,1,T,45,FALSE ,TRUE,BA,
8:00,39,Sedan,1,T,45,FALSE ,TRUE,BA,
8:00,41,SUV,1,T,45,FALSE ,TRUE,BA,
8:00,41,Truck,1,T,45,FALSE ,TRUE,BA,
8:00,30,Sedan,1,T,45,FALSE ,TRUE,BA,
8:00,44,Van,1,T,45,FALSE ,TRUE,BA,
8:00,43,SUV,1,T,45,FALSE ,TRUE,BA,
8:00,32,Van,1,T,45,FALSE ,TRUE,BA,
8:00,50,Sedan,1,T,45,FALSE ,TRUE,BA,
8:00,40,SUV,1,T,45,FALSE ,TRUE,BA,
8:00,31,Sedan,1,T,45,FALSE ,TRUE,BA,
8:00,40,SUV,1,T,45,FALSE ,TRUE,BA,
8:00,36,Truck,1,T,45,FALSE ,TRUE,BA,
8:00,39,SUV,1,T,45,FALSE ,TRUE,BA,
8:00,36,Truck,1,T,45,FALSE ,TRUE,BA,
8:00,37,Truck,1,T,45,FALSE ,TRUE,BA,
8:00,44,Sedan,1,T,45,FALSE ,TRUE,BA,
8:00,38,Van,1,T,45,FALSE ,TRUE,BA,
8:00,43,Truck,1,T,45,FALSE ,TRUE,BA,
8:00,37,Van,1,T,45,FALSE ,TRUE,BA,
8:00,35,SUV,1,T,45,FALSE ,TRUE,BA,
8:00,41,SUV,1,T,45,FALSE ,TRUE,BA,
8:00,41,SUV,1,T,45,FALSE ,TRUE,BA,
8:00,38,SUV,1,T,45,FALSE ,TRUE,BA,
8:00,38,SUV,1,T,45,FALSE ,TRUE,BA,
8:00,40,Compact,1,T,45,FALSE ,TRUE,BA,
8:00,35,Van,1,T,45,FALSE ,TRUE,BA,
8:00,45,Sedan,1,T,45,FALSE ,TRUE,BA,
8:00,36,SUV,1,T,45,FALSE ,TRUE,BA,
8:00,38,SUV,1,T,45,FALSE ,TRUE,BA,
8:00,35,SUV,1,T,45,FALSE ,TRUE,BA,
8:30,48,Sedan,1,T,45,FALSE ,TRUE,BA,
8:30,37,SUV,1,T,45,FALSE ,TRUE,BA,
8:30,53,Sedan,1,T,45,FALSE ,TRUE,BA,
8:30,44,Sedan,1,T,45,FALSE ,TRUE,BA,
8:30,45,Sedan,1,T,45,FALSE ,TRUE,BA,
8:30,45,Sedan,1,C,45,FALSE ,TRUE,BA,
8:30,38,Sedan,1,C,45,FALSE ,TRUE,BA,
8:30,43,Sedan,1,C,45,FALSE ,TRUE,BA,
8:30,46,Sedan,1,C,45,FALSE ,TRUE,BA,
8:30,43,Truck,1,C,45,FALSE ,TRUE,BA,
8:30,40,SUV,1,C,45,FALSE ,TRUE,BA,
8:30,43,SUV,1,C,45,FALSE ,TRUE,BA,
8:30,51,Commerical,1,C,45,FALSE ,TRUE,BA,
8:30,36,SUV,1,C,45,FALSE ,TRUE,BA,
8:30,52,Sedan,1,C,45,FALSE ,TRUE,BA,
8:30,52,SUV,1,C,45,FALSE ,TRUE,BA,
8:30,41,Sedan,1,C,45,FALSE ,TRUE,BA,
8:30,37,SUV,1,C,45,FALSE ,TRUE,BA,
8:30,39,SUV,1,C,45,FALSE ,TRUE,BA,
8:30,37,SUV,1,C,45,FALSE ,TRUE,BA,
8:30,41,Sedan,1,C,45,FALSE ,TRUE,BA,
8:30,33,Truck,1,C,45,FALSE ,TRUE,BA,
8:30,39,Truck,1,C,45,FALSE ,TRUE,BA,
8:30,38,SUV,1,C,45,FALSE ,TRUE,BA,
8:30,44,Sedan,1,C,45,FALSE ,TRUE,BA,
8:30,36,Van,1,C,45,FALSE ,TRUE,BA,
8:30,43,Sedan,1,C,45,FALSE ,TRUE,BA,
8:30,43,SUV,1,C,45,FALSE ,TRUE,BA,
8:30,43,Sedan,1,C,45,FALSE ,TRUE,BA,
8:30,41,SUV,1,C,45,FALSE ,TRUE,BA,
8:30,39,Truck,1,C,45,FALSE ,TRUE,BA,
8:30,59,Truck,1,C,45,FALSE ,TRUE,BA,
8:30,34,SUV,1,C,45,FALSE ,TRUE,BA,
8:30,38,Sedan,1,C,45,FALSE ,TRUE,BA,
8:30,42,Compact,1,C,45,FALSE ,TRUE,BA,
8:30,37,Sedan,1,C,45,FALSE ,TRUE,BA,
8:30,39,Sedan,1,C,45,FALSE ,TRUE,BA,
8:30,41,SUV,1,C,45,FALSE ,TRUE,BA,
8:30,39,SUV,1,C,45,FALSE ,TRUE,BA,
8:30,32,SUV,1,C,45,FALSE ,TRUE,BA,
8:30,36,Sedan,1,C,45,FALSE ,TRUE,BA,
8:30,34,Sedan,1,C,45,FALSE ,TRUE,BA,
8:30,38,Sedan,1,C,45,FALSE ,TRUE,BA,
8:30,34,SUV,1,C,45,FALSE ,TRUE,BA,
8:30,42,Sedan,1,C,45,FALSE ,TRUE,BA,
8:30,45,Sedan,1,C,45,FALSE ,TRUE,BA,
8:30,49,Sedan,1,C,45,FALSE ,TRUE,BA,
8:30,29,Sedan,1,C,45,FALSE ,TRUE,BA,
8:30,41,Sedan,1,C,45,FALSE ,TRUE,BA,
8:30,39,Sedan,1,C,45,FALSE ,TRUE,BA,
8:30,44,Sedan,1,C,45,FALSE ,TRUE,BA,
8:30,34,Sedan,1,C,45,FALSE ,TRUE,BA,
8:30,38,Sedan,1,C,45,FALSE ,TRUE,BA,
8:30,38,SUV,1,C,45,FALSE ,TRUE,BA,
8:30,36,Sedan,1,C,45,FALSE ,TRUE,BA,
8:30,41,Sedan,1,C,45,FALSE ,TRUE,BA,
8:30,41,Sedan,1,C,45,FALSE ,TRUE,BA,
9:00,56,Sedan,1,C,45,FALSE ,TRUE,BA,
9:00,36,Sedan,1,C,45,FALSE ,TRUE,BA,
9:00,38,Sedan,1,C,45,FALSE ,TRUE,BA,
9:00,37,SUV,1,C,45,FALSE ,TRUE,BA,
9:00,31,Compact,1,C,45,FALSE ,TRUE,BA,
9:00,40,Sedan,1,C,45,FALSE ,TRUE,BA,
9:00,36,Sedan,1,C,45,FALSE ,TRUE,BA,
9:00,46,SUV,1,C,45,FALSE ,TRUE,BA,
9:00,45,SUV,1,C,45,FALSE ,TRUE,BA,
9:00,42,Truck,1,C,45,FALSE ,TRUE,BA,
9:00,39,Truck,1,C,45,FALSE ,TRUE,BA,
9:00,44,SUV,1,C,45,FALSE ,TRUE,BA,
9:00,44,Sedan,1,C,45,FALSE ,TRUE,BA,
9:00,41,Truck,1,C,45,FALSE ,TRUE,BA,
9:00,41,Truck,1,C,45,FALSE ,TRUE,BA,
9:00,39,Sedan,1,C,45,FALSE ,TRUE,BA,
9:00,35,SUV,1,C,45,FALSE ,TRUE,BA,
9:00,36,SUV,1,C,45,FALSE ,TRUE,BA,
9:00,47,SUV,1,C,45,FALSE ,TRUE,BA,
9:00,39,Truck,1,C,45,FALSE ,TRUE,BA,
8:00 PM,35,SUV,4,C,45,FALSE ,TRUE,AB,
8:00 PM,37,Truck,4,C,45,FALSE ,TRUE,AB,
8:00 PM,34,SUV,4,C,45,FALSE ,TRUE,AB,
8:00 PM,26,Sedan,4,C,45,FALSE ,TRUE,AB,
8:00 PM,28,SUV,4,C,45,FALSE ,TRUE,AB,
8:00 PM,37,Sedan,4,C,45,FALSE ,TRUE,AB,
8:00 PM,34,Compact,4,C,45,FALSE ,TRUE,AB,
8:00 PM,35,Van,4,C,45,FALSE ,TRUE,AB,
8:00 PM,34,Commerical,4,C,45,FALSE ,TRUE,AB,
8:00 PM,40,Sedan,4,C,45,FALSE ,TRUE,AB,
8:00 PM,35,Compact,4,C,45,FALSE ,TRUE,AB,
8:00 PM,37,Van,4,C,45,FALSE ,TRUE,AB,
8:00 PM,42,Compact,4,C,45,FALSE ,TRUE,AB,
8:00 PM,35,Commerical,4,C,45,FALSE ,TRUE,AB,
8:00 PM,38,Sedan,4,C,45,FALSE ,TRUE,AB,
8:00 PM,25,SUV,4,C,45,FALSE ,TRUE,AB,
8:00 PM,35,SUV,4,C,45,FALSE ,TRUE,AB,
8:00 PM,35,Van,4,C,45,FALSE ,TRUE,AB,
8:00 PM,35,Commerical,4,C,45,FALSE ,TRUE,AB,
8:00 PM,28,SUV,4,C,45,FALSE ,TRUE,AB,
8:00 PM,35,Sedan,4,C,45,FALSE ,TRUE,AB,
8:30 PM,35,SUV,4,C,45,FALSE ,TRUE,AB,
8:30 PM,33,Van,4,C,45,FALSE ,TRUE,AB,
8:30 PM,35,Commerical,4,C,45,FALSE ,TRUE,AB,
8:30 PM,43,SUV,4,C,45,FALSE ,TRUE,AB,
8:30 PM,35,Sedan,4,C,45,FALSE ,TRUE,AB,
8:30 PM,35,Sedan,4,C,45,FALSE ,TRUE,AB,
8:30 PM,44,Compact,4,C,45,FALSE ,TRUE,AB,
8:30 PM,39,Sedan,4,C,45,FALSE ,TRUE,AB,
8:30 PM,29,Compact,4,C,45,FALSE ,TRUE,AB,
8:30 PM,35,Sedan,4,C,45,FALSE ,TRUE,AB,
8:30 PM,27,SUV,4,C,45,FALSE ,TRUE,AB,
8:30 PM,35,Sedan,4,C,45,FALSE ,TRUE,AB,
8:30 PM,35,Sedan,4,C,45,FALSE ,TRUE,AB,
8:30 PM,30,Sedan,4,C,45,FALSE ,TRUE,AB,
8:30 PM,35,Sedan,4,C,45,FALSE ,TRUE,AB,
8:30 PM,33,Truck,4,T,45,FALSE ,TRUE,AB,
8:30 PM,39,Compact,4,T,45,FALSE ,TRUE,AB,
8:30 PM,41,Sedan,4,T,45,FALSE ,TRUE,AB,
9:00 PM,34,Sedan,4,T,45,FALSE ,TRUE,AB,
9:00 PM,44,SUV,4,T,45,FALSE ,TRUE,AB,
9:00 PM,41,Sedan,4,T,45,FALSE ,TRUE,AB,
9:00 PM,35,Compact,4,T,45,FALSE ,TRUE,AB,
9:00 PM,44,SUV,4,T,45,FALSE ,TRUE,AB,
9:00 PM,35,Sedan,4,T,45,FALSE ,TRUE,AB,
9:00 PM,26,Sedan,4,T,45,FALSE ,TRUE,AB,
9:00 PM,27,Sedan,4,T,45,FALSE ,TRUE,AB,
9:00 PM,35,Sedan,4,T,45,FALSE ,TRUE,AB,
9:00 PM,40,Sedan,4,T,45,FALSE ,TRUE,AB,
9:00 PM,31,SUV,4,T,45,FALSE ,TRUE,AB,
9:00 PM,31,Sedan,4,T,45,FALSE ,TRUE,AB,
9:00 PM,37,Compact,4,T,45,FALSE ,TRUE,AB,
9:00 PM,35,Compact,4,T,45,FALSE ,TRUE,AB,
9:00 PM,31,Compact,4,T,45,FALSE ,TRUE,AB,
9:00 PM,35,Sedan,4,T,45,FALSE ,TRUE,AB,
9:00 PM,44,SUV,4,T,45,FALSE ,TRUE,AB,
9:00 PM,42,Sedan,4,T,45,FALSE ,TRUE,AB,
9:00 PM,44,Compact,4,T,45,FALSE ,TRUE,AB,
9:30 PM,32,Commerical,4,T,45,FALSE ,TRUE,AB,
9:30 PM,28,Compact,4,T,45,FALSE ,TRUE,AB,
9:30 PM,30,Sedan,4,T,45,FALSE ,TRUE,AB,
9:30 PM,34,Sedan,4,T,45,FALSE ,TRUE,AB,
9:30 PM,35,SUV,4,T,45,FALSE ,TRUE,AB,
9:30 PM,35,Truck,4,T,45,FALSE ,TRUE,AB,
9:30 PM,40,SUV,4,T,45,FALSE ,TRUE,AB,
9:30 PM,35,Sedan,4,T,45,FALSE ,TRUE,AB,
9:30 PM,38,SUV,4,T,45,FALSE ,TRUE,AB,
9:30 PM,39,Sedan,4,T,45,FALSE ,TRUE,AB,
9:30 PM,35,SUV,4,T,45,FALSE ,TRUE,AB,
9:30 PM,35,Van,4,T,45,FALSE ,TRUE,AB,
9:30 PM,28,Sedan,4,T,45,FALSE ,TRUE,AB,
9:30 PM,35,Sedan,4,T,45,FALSE ,TRUE,AB,
9:30 PM,37,Sedan,4,T,45,FALSE ,TRUE,AB,
9:30 PM,36,SUV,4,T,45,FALSE ,TRUE,AB,
9:30 PM,35,Truck,4,T,45,FALSE ,TRUE,AB,
9:30 PM,25,SUV,4,T,45,FALSE ,TRUE,AB,
8:00 PM,34,Sedan,4,T,45,FALSE ,TRUE,BA,
8:00 PM,27,SUV,4,T,45,FALSE ,TRUE,BA,
8:00 PM,30,Van,4,T,45,FALSE ,TRUE,BA,
8:00 PM,35,Sedan,4,T,45,FALSE ,TRUE,BA,
8:00 PM,29,Sedan,4,T,45,FALSE ,TRUE,BA,
8:00 PM,35,Sedan,4,T,45,FALSE ,TRUE,BA,
8:00 PM,35,SUV,4,T,45,FALSE ,TRUE,BA,
8:00 PM,35,Truck,4,T,45,FALSE ,TRUE,BA,
8:00 PM,32,SUV,4,T,45,FALSE ,TRUE,BA,
8:00 PM,35,Commerical,4,T,45,FALSE ,TRUE,BA,
8:30 PM,36,SUV,4,T,45,FALSE ,TRUE,BA,
8:30 PM,35,Sedan,4,T,45,FALSE ,TRUE,BA,
8:30 PM,36,SUV,4,T,45,FALSE ,TRUE,BA,
8:30 PM,35,Van,4,T,45,FALSE ,TRUE,BA,
8:30 PM,35,Commerical,4,T,45,FALSE ,TRUE,BA,
8:30 PM,41,Sedan,4,C,45,FALSE ,TRUE,BA,
9:00 PM,26,Sedan,4,C,45,FALSE ,TRUE,BA,
9:00 PM,36,Sedan,4,C,45,FALSE ,TRUE,BA,
9:00 PM,35,Commerical,4,C,45,FALSE ,TRUE,BA,
9:00 PM,28,Commerical,4,C,45,FALSE ,TRUE,BA,
9:00 PM,39,SUV,4,C,45,FALSE ,TRUE,BA,
9:00 PM,29,Sedan,4,C,45,FALSE ,TRUE,BA,
9:00 PM,35,SUV,4,C,45,FALSE ,TRUE,BA,
9:00 PM,31,Van,4,C,45,FALSE ,TRUE,BA,
9:30 PM,28,Commerical,4,C,45,FALSE ,TRUE,BA,
9:30 PM,35,Sedan,4,C,45,FALSE ,TRUE,BA,
9:30 PM,35,Sedan,4,C,45,FALSE ,TRUE,BA,
9:30 PM,38,Sedan,4,C,45,FALSE ,TRUE,BA,
9:30 PM,42,Compact,4,C,45,FALSE ,TRUE,BA,
9:30 PM,44,Commerical,4,C,45,FALSE ,TRUE,BA,
9:30 PM,37,SUV,4,C,45,FALSE ,TRUE,BA,
7:00 PM,23,Van,2,C,35,TRUE,TRUE,AB,
7:00:00 AM,13,SUV,2,C,35,TRUE,TRUE,AB,
7:00,17,Sedan,2,C,35,TRUE,TRUE,AB,
7:00,20,SUV,2,C,35,TRUE,TRUE,AB,
7:00,15,Truck,2,C,35,TRUE,TRUE,AB,
7:00,24,SUV,2,C,35,TRUE,TRUE,AB,
7:00,22,SUV,2,C,35,TRUE,TRUE,AB,
7:00,16,Sedan,2,C,35,TRUE,TRUE,AB,
7:00,18,Compact,2,C,35,TRUE,TRUE,AB,
7:00,20,Compact,2,C,35,TRUE,TRUE,AB,
7:00,21,Compact,2,C,35,TRUE,TRUE,AB,
7:00,15,Sedan,2,C,35,TRUE,TRUE,AB,
7:00,20,SUV,2,C,35,TRUE,TRUE,AB,
7:00,16,Compact,2,C,35,TRUE,TRUE,AB,
7:00,17,Sedan,2,C,35,TRUE,TRUE,AB,
7:00,19,Compact,2,C,35,TRUE,TRUE,AB,
7:00,20,SUV,2,C,35,TRUE,TRUE,AB,
7:00,16,Truck,2,C,35,TRUE,TRUE,AB,
7:00,20,Sedan,2,C,35,TRUE,TRUE,AB,
7:00,16,SUV,2,C,35,TRUE,TRUE,AB,
7:00,17,SUV,2,C,35,TRUE,TRUE,AB,
7:00,14,Sedan,2,C,35,TRUE,TRUE,AB,
7:00,17,Sedan,2,C,35,TRUE,TRUE,AB,
7:00,18,SUV,2,C,35,TRUE,TRUE,AB,
7:00,16,Sedan,2,C,35,TRUE,TRUE,AB,
7:00,17,Sedan,2,C,35,TRUE,TRUE,AB,
7:00,18,Sedan,2,C,35,TRUE,TRUE,AB,
7:00,24,SUV,2,C,35,TRUE,TRUE,AB,
7:00,20,SUV,2,C,35,TRUE,TRUE,AB,
7:00,25,Sedan,2,C,35,TRUE,TRUE,AB,
7:00,18,SUV,2,C,35,TRUE,TRUE,AB,
7:00,22,SUV,2,C,35,TRUE,TRUE,AB,
7:00,20,Sedan,2,C,35,TRUE,TRUE,AB,
7:00,23,Truck,2,C,35,TRUE,TRUE,AB,
7:00,14,Sedan,2,C,35,TRUE,TRUE,AB,
7:00,26,Sedan,2,C,35,TRUE,TRUE,AB,
7:00,19,Sedan,2,C,35,TRUE,TRUE,AB,
7:00,19,Compact,2,C,35,TRUE,TRUE,AB,
7:00,17,Sedan,2,C,35,TRUE,TRUE,AB,
7:00,18,Sedan,2,C,35,TRUE,TRUE,AB,
7:00,23,SUV,2,C,35,TRUE,TRUE,AB,
7:00,18,Compact,2,C,35,TRUE,TRUE,AB,
7:00,14,Compact,2,C,35,TRUE,TRUE,AB,
7:00,20,SUV,2,C,35,TRUE,TRUE,AB,
7:00,16,SUV,2,C,35,TRUE,TRUE,AB,
7:00,19,SUV,2,C,35,TRUE,TRUE,AB,
7:00,24,Sedan,2,C,35,TRUE,TRUE,AB,
7:00,21,SUV,2,C,35,TRUE,TRUE,AB,
7:00,20,SUV,2,C,35,TRUE,TRUE,AB,
7:00,20,Compact,2,C,35,TRUE,TRUE,AB,
7:00,22,SUV,2,C,35,TRUE,TRUE,AB,
7:00,18,Sedan,2,C,35,TRUE,TRUE,AB,
7:00,30,SUV,2,C,35,TRUE,TRUE,AB,
7:00,21,Compact,2,C,35,TRUE,TRUE,AB,
7:00,16,SUV,2,C,35,TRUE,TRUE,AB,
7:00,15,Compact,2,C,35,TRUE,TRUE,AB,
7:00,19,SUV,2,C,35,TRUE,TRUE,AB,
7:00,25,Sedan,2,C,35,TRUE,TRUE,AB,
7:00,32,SUV,2,C,35,TRUE,TRUE,AB,
7:00,24,SUV,2,C,35,TRUE,TRUE,AB,
7:00,18,Sedan,2,C,35,TRUE,TRUE,AB,
7:00,20,SUV,2,C,35,TRUE,TRUE,AB,
7:00,23,Sedan,2,C,35,TRUE,TRUE,AB,
7:00,20,SUV,2,C,35,TRUE,TRUE,AB,
7:15 PM,16,SUV,2,T,35,TRUE,TRUE,AB,
7:15,17,SUV,2,T,35,TRUE,TRUE,AB,
7:15,16,SUV,2,T,35,TRUE,TRUE,AB,
7:15,13,SUV,2,T,35,TRUE,TRUE,AB,
7:15,15,SUV,2,T,35,TRUE,TRUE,AB,
7:15,19,Sedan,2,T,35,TRUE,TRUE,AB,
7:15,22,Compact,2,T,35,TRUE,TRUE,AB,
7:15,19,Compact,2,T,35,TRUE,TRUE,AB,
7:15,16,SUV,2,T,35,TRUE,TRUE,AB,
7:15,23,SUV,2,T,35,TRUE,TRUE,AB,
7:15,21,Sedan,2,T,35,TRUE,TRUE,AB,
7:15,23,Compact,2,T,35,TRUE,TRUE,AB,
7:15,29,Sedan,2,T,35,TRUE,TRUE,AB,
7:15,21,Sedan,2,T,35,TRUE,TRUE,AB,
7:15,16,Compact,2,T,35,TRUE,TRUE,AB,
7:15,20,Sedan,2,T,35,TRUE,TRUE,AB,
7:15,26,Sedan,2,T,35,TRUE,TRUE,AB,
7:15,21,SUV,2,T,35,TRUE,TRUE,AB,
7:15,20,Commerical,2,T,35,TRUE,TRUE,AB,
7:15,15,Sedan,2,T,35,TRUE,TRUE,AB,
7:15,12,SUV,2,T,35,TRUE,TRUE,AB,
7:15,14,Truck,2,T,35,TRUE,TRUE,AB,
7:15,17,Sedan,2,T,35,TRUE,TRUE,AB,
7:15,15,Commerical,2,T,35,TRUE,TRUE,AB,
7:15,14,SUV,2,T,35,TRUE,TRUE,AB,
7:15,13,Sedan,2,T,35,TRUE,TRUE,AB,
7:15,17,SUV,2,T,35,TRUE,TRUE,AB,
7:15,19,Sedan,2,T,35,TRUE,TRUE,AB,
7:15,22,Sedan,2,T,35,TRUE,TRUE,AB,
7:15,20,Sedan,2,T,35,TRUE,TRUE,AB,
7:15,19,Van,2,T,35,TRUE,TRUE,AB,
7:15,23,Sedan,2,T,35,TRUE,TRUE,AB,
7:15,16,Compact,2,T,35,TRUE,TRUE,AB,
7:15,19,SUV,2,T,35,TRUE,TRUE,AB,
7:15,18,SUV,2,T,35,TRUE,TRUE,AB,
7:15,13,SUV,2,T,35,TRUE,TRUE,AB,
7:15,16,Sedan,2,T,35,TRUE,TRUE,AB,
7:15,14,SUV,2,T,35,TRUE,TRUE,AB,
7:15,18,Sedan,2,T,35,TRUE,TRUE,AB,
7:15,19,SUV,2,T,35,TRUE,TRUE,AB,
7:15,15,Sedan,2,T,35,TRUE,TRUE,AB,
7:15,21,Compact,2,T,35,TRUE,TRUE,AB,
7:15,24,Sedan,2,T,35,TRUE,TRUE,AB,
7:15,21,Sedan,2,T,35,TRUE,TRUE,AB,
7:15,17,Sedan,2,T,35,TRUE,TRUE,AB,
7:15,22,Sedan,2,T,35,TRUE,TRUE,AB,
7:15,20,Sedan,2,T,35,TRUE,TRUE,AB,
7:15,17,SUV,2,T,35,TRUE,TRUE,AB,
7:15,14,Truck,2,T,35,TRUE,TRUE,AB,
7:15,20,SUV,2,T,35,TRUE,TRUE,AB,
7:15,14,SUV,2,T,35,TRUE,TRUE,AB,
7:15,25,SUV,2,T,35,TRUE,TRUE,AB,
7:15,13,SUV,2,T,35,TRUE,TRUE,AB,
7:15,19,SUV,2,T,35,TRUE,TRUE,AB,
7:15,17,Compact,2,T,35,TRUE,TRUE,AB,
7:15,15,Sedan,2,T,35,TRUE,TRUE,AB,
7:15,15,Sedan,2,T,35,TRUE,TRUE,AB,
7:15,22,Truck,2,T,35,TRUE,TRUE,AB,
7:15,20,Truck,2,T,35,TRUE,TRUE,AB,
7:15,18,Sedan,2,T,35,TRUE,TRUE,AB,
7:15,17,Sedan,2,T,35,TRUE,TRUE,AB,
7:15,14,SUV,2,T,35,TRUE,TRUE,AB,
7:15,21,Sedan,2,T,35,TRUE,TRUE,AB,
7:15,26,SUV,2,T,35,TRUE,TRUE,AB,
7:15,22,Sedan,2,T,35,TRUE,TRUE,AB,
7:15,20,SUV,2,T,35,TRUE,TRUE,AB,
7:15,16,Truck,2,T,35,TRUE,TRUE,AB,
7:15,29,Sedan,2,T,35,TRUE,TRUE,AB,
7:15,15,SUV,2,T,35,TRUE,TRUE,AB,
7:15,19,Sedan,2,T,35,TRUE,TRUE,AB,
7:15,23,Sedan,2,T,35,TRUE,TRUE,AB,
7:15,16,SUV,2,T,35,TRUE,TRUE,AB,
7:15,21,SUV,2,T,35,TRUE,TRUE,AB,
7:15,17,SUV,2,T,35,TRUE,TRUE,AB,
7:15,20,SUV,2,T,35,TRUE,TRUE,AB,
7:15,23,Compact,2,T,35,TRUE,TRUE,AB,
7:15,21,SUV,2,T,35,TRUE,TRUE,AB,
7:15,18,Compact,2,T,35,TRUE,TRUE,AB,
7:15,21,SUV,2,T,35,TRUE,TRUE,AB,
7:15,20,Sedan,2,T,35,TRUE,TRUE,AB,
7:15,18,Commerical,2,T,35,TRUE,TRUE,AB,
7:15,16,SUV,2,T,35,TRUE,TRUE,AB,
7:15,20,Sedan,2,T,35,TRUE,TRUE,AB,
7:15,18,Sedan,2,T,35,TRUE,TRUE,AB,
7:15,23,SUV,2,T,35,TRUE,TRUE,AB,
7:15,16,Sedan,2,T,35,TRUE,TRUE,AB,
7:15,16,SUV,2,T,35,TRUE,TRUE,AB,
7:15,14,Compact,2,T,35,TRUE,TRUE,AB,
7:15,20,Sedan,2,T,35,TRUE,TRUE,AB,
7:15,22,SUV,2,T,35,TRUE,TRUE,AB,
7:15,16,SUV,2,T,35,TRUE,TRUE,AB,
7:15,19,Truck,2,T,35,TRUE,TRUE,AB,
7:15,24,Sedan,2,T,35,TRUE,TRUE,AB,
7:15,23,SUV,2,T,35,TRUE,TRUE,AB,
7:15,22,Sedan,2,T,35,TRUE,TRUE,AB,
7:15,22,Sedan,2,T,35,TRUE,TRUE,AB,
7:15,20,SUV,2,T,35,TRUE,TRUE,AB,
7:15,19,SUV,2,T,35,TRUE,TRUE,AB,
7:15,20,Truck,2,T,35,TRUE,TRUE,AB,
7:15,17,SUV,2,T,35,TRUE,TRUE,AB,
7:15,21,Sedan,2,T,35,TRUE,TRUE,AB,
7:15,24,Compact,2,T,35,TRUE,TRUE,AB,
7:15,13,Compact,2,T,35,TRUE,TRUE,AB,
7:50,53,SUV,5,C,50,FALSE,FALSE,AB,
7:50,55,SUV,5,C,50,FALSE,FALSE,AB,
7:50,48,SUV,5,C,50,FALSE,FALSE,AB,
7:50,54,SUV,5,C,50,FALSE,FALSE,AB,
7:50,46,SUV,5,C,50,FALSE,FALSE,AB,
7:50,41,Sedan,5,C,50,FALSE,FALSE,AB,
7:50,46,SUV,5,C,50,FALSE,FALSE,AB,
7:50,46,SUV,5,C,50,FALSE,FALSE,AB,
7:50,46,SUV,5,C,50,FALSE,FALSE,AB,
7:50,46,Sedan,5,C,50,FALSE,FALSE,AB,
7:50,49,Sedan,5,C,50,FALSE,FALSE,AB,
7:50,62,Sedan,5,C,50,FALSE,FALSE,AB,
7:50,47,SUV,5,C,50,FALSE,FALSE,AB,
7:50,40,Sedan,5,C,50,FALSE,FALSE,AB,
7:50,49,SUV,5,C,50,FALSE,FALSE,AB,
7:50,49,SUV,5,C,50,FALSE,FALSE,AB,
7:50,48,Sedan,5,C,50,FALSE,FALSE,AB,
7:50,53,Sedan,5,C,50,FALSE,FALSE,AB,
7:50,52,Compact,5,C,50,FALSE,FALSE,AB,
7:50,54,SUV,5,C,50,FALSE,FALSE,AB,
7:50,54,SUV,5,C,50,FALSE,FALSE,AB,
7:50,58,Sedan,5,C,50,FALSE,FALSE,AB,
7:50,51,Sedan,5,C,50,FALSE,FALSE,AB,
7:50,53,Sedan,5,C,50,FALSE,FALSE,AB,
7:50,54,SUV,5,C,50,FALSE,FALSE,AB,
7:50,45,SUV,5,C,50,FALSE,FALSE,AB,
7:50,56,SUV,5,C,50,FALSE,FALSE,AB,
7:50,47,Truck,5,C,50,FALSE,FALSE,AB,
7:50,42,Sedan,5,C,50,FALSE,FALSE,AB,
7:50,49,Sedan,5,C,50,FALSE,FALSE,AB,
7:50,44,Sedan,5,C,50,FALSE,FALSE,AB,
7:50,49,SUV,5,C,50,FALSE,FALSE,AB,
7:50,61,Sedan,5,C,50,FALSE,FALSE,AB,
7:50,53,Sedan,5,C,50,FALSE,FALSE,AB,
7:50,50,SUV,5,C,50,FALSE,FALSE,AB,
7:50,59,SUV,5,C,50,FALSE,FALSE,AB,
7:50,51,SUV,5,C,50,FALSE,FALSE,AB,
7:50,42,SUV,5,C,50,FALSE,FALSE,AB,
7:50,48,Truck,5,C,50,FALSE,FALSE,AB,
7:50,50,Truck,5,C,50,FALSE,FALSE,AB,
7:50,45,SUV,5,C,50,FALSE,FALSE,AB,
7:50,50,Sedan,5,C,50,FALSE,FALSE,AB,
7:50,49,SUV,5,C,50,FALSE,FALSE,AB,
7:50,49,Commerical,5,C,50,FALSE,FALSE,AB,
7:50,59,Sedan,5,C,50,FALSE,FALSE,AB,
7:50,60,Motorcycle,5,C,50,FALSE,FALSE,AB,
7:50,53,Sedan,5,C,50,FALSE,FALSE,AB,
7:50,52,SUV,5,C,50,FALSE,FALSE,AB,
7:50,50,Sedan,5,C,50,FALSE,FALSE,AB,
7:50,54,Sedan,5,C,50,FALSE,FALSE,AB,
7:50,57,Truck,5,C,50,FALSE,FALSE,AB,
8:30,53,SUV,5,T,50,FALSE,FALSE,AB,
8:30,47,Truck,5,T,50,FALSE,FALSE,AB,
8:30,54,SUV,5,T,50,FALSE,FALSE,AB,
8:30,50,Compact,5,T,50,FALSE,FALSE,AB,
8:30,50,Sedan,5,T,50,FALSE,FALSE,AB,
8:30,49,Compact,5,T,50,FALSE,FALSE,AB,
8:30,53,Compact,5,T,50,FALSE,FALSE,AB,
8:30,61,Sedan,5,T,50,FALSE,FALSE,AB,
8:30,43,Truck,5,T,50,FALSE,FALSE,AB,
8:30,47,Sedan,5,T,50,FALSE,FALSE,AB,
8:30,47,SUV,5,T,50,FALSE,FALSE,AB,
8:30,39,Compact,5,T,50,FALSE,FALSE,AB,
8:30,49,SUV,5,T,50,FALSE,FALSE,AB,
8:30,54,Sedan,5,T,50,FALSE,FALSE,AB,
8:30,61,Sedan,5,T,50,FALSE,FALSE,AB,
8:30,44,SUV,5,T,50,FALSE,FALSE,AB,
8:30,47,Truck,5,T,50,FALSE,FALSE,AB,
8:30,30,SUV,5,T,50,FALSE,FALSE,AB,
8:30,58,Sedan,5,T,50,FALSE,FALSE,AB,
8:30,45,Sedan,5,T,50,FALSE,FALSE,AB,
8:30,50,Sedan,5,T,50,FALSE,FALSE,AB,
8:30,50,Sedan,5,T,50,FALSE,FALSE,AB,
8:30,47,SUV,5,T,50,FALSE,FALSE,AB,
8:30,59,SUV,5,T,50,FALSE,FALSE,AB,
8:30,46,SUV,5,T,50,FALSE,FALSE,AB,
8:30,56,Sedan,5,T,50,FALSE,FALSE,AB,
8:30,45,Sedan,5,T,50,FALSE,FALSE,AB,
8:30,54,Sedan,5,T,50,FALSE,FALSE,AB,
8:30,45,Sedan,5,T,50,FALSE,FALSE,AB,
8:30,46,Sedan,5,T,50,FALSE,FALSE,AB,
8:30,50,Sedan,5,T,50,FALSE,FALSE,AB,
8:30,45,Compact,5,T,50,FALSE,FALSE,AB,
8:30,55,Sedan,5,T,50,FALSE,FALSE,AB,
8:30,47,Sedan,5,T,50,FALSE,FALSE,AB,
8:30,49,SUV,5,T,50,FALSE,FALSE,AB,
8:30,48,Sedan,5,T,50,FALSE,FALSE,AB,
8:30,46,Commerical,5,T,50,FALSE,FALSE,AB,
8:30,49,SUV,5,T,50,FALSE,FALSE,AB,
8:30,49,SUV,5,T,50,FALSE,FALSE,BA,
8:30,49,Sedan,5,T,50,FALSE,FALSE,BA,
8:30,51,SUV,5,T,50,FALSE,FALSE,BA,
8:30,54,Sedan,5,T,50,FALSE,FALSE,BA,
8:30,49,Sedan,5,T,50,FALSE,FALSE,BA,
8:30,53,SUV,5,T,50,FALSE,FALSE,BA,
8:30,52,Sedan,5,T,50,FALSE,FALSE,BA,
8:30,53,Compact,5,T,50,FALSE,FALSE,BA,
8:30,39,Truck,5,T,50,FALSE,FALSE,BA,
8:30,46,Truck,5,T,50,FALSE,FALSE,BA,
8:30,52,Sedan,5,T,50,FALSE,FALSE,BA,
8:30,45,Truck,5,T,50,FALSE,FALSE,BA,
8:30,45,Sedan,5,T,50,FALSE,FALSE,BA,
8:30,35,Sedan,5,T,50,FALSE,FALSE,BA,
8:30,51,Truck,5,T,50,FALSE,FALSE,BA,
8:30,55,SUV,5,T,50,FALSE,FALSE,BA,
8:30,54,Sedan,5,T,50,FALSE,FALSE,BA,
8:30,45,Sedan,5,T,50,FALSE,FALSE,BA,
8:30,42,Truck,5,T,50,FALSE,FALSE,BA,
8:30,45,SUV,5,T,50,FALSE,FALSE,BA,
8:30,44,Truck,5,T,50,FALSE,FALSE,BA,
8:30,43,SUV,5,T,50,FALSE,FALSE,BA,
8:30,49,Truck,5,T,50,FALSE,FALSE,BA,
8:30,53,Truck,5,T,50,FALSE,FALSE,BA,
8:30,54,Van ,5,T,50,FALSE,FALSE,BA,
8:30,53,Truck,5,T,50,FALSE,FALSE,BA,
8:30,49,Truck,5,T,50,FALSE,FALSE,BA,
8:30,53,Sedan,5,T,50,FALSE,FALSE,BA,
8:30,49,Sedan,5,T,50,FALSE,FALSE,BA,
8:30,54,Sedan,5,T,50,FALSE,FALSE,BA,
8:30,49,Sedan,5,T,50,FALSE,FALSE,BA,
8:30,48,Sedan,5,T,50,FALSE,FALSE,BA,
8:30,54,Sedan,5,T,50,FALSE,FALSE,BA,
8:30,42,Sedan,5,T,50,FALSE,FALSE,BA,
8:30,41,Compact,5,T,50,FALSE,FALSE,BA,
8:30,47,SUV,5,T,50,FALSE,FALSE,BA,
8:30,42,Compact,5,T,50,FALSE,FALSE,BA,
8:30,44,Sedan,5,T,50,FALSE,FALSE,BA,
9:00,40,Commerical,5,C,50,FALSE,FALSE,BA,
9:00,50,Sedan,5,C,50,FALSE,FALSE,BA,
9:00,55,SUV,5,C,50,FALSE,FALSE,BA,
9:00,52,SUV,5,C,50,FALSE,FALSE,BA,
9:00,50,SUV,5,C,50,FALSE,FALSE,BA,
9:00,53,SUV,5,C,50,FALSE,FALSE,BA,
9:00,54,Truck,5,C,50,FALSE,FALSE,BA,
9:00,59,Truck,5,C,50,FALSE,FALSE,BA,
9:00,68,SUV,5,C,50,FALSE,FALSE,BA,
9:00,49,Sedan,5,C,50,FALSE,FALSE,BA,
9:00,51,Sedan,5,C,50,FALSE,FALSE,BA,
9:00,42,Truck,5,C,50,FALSE,FALSE,BA,
9:00,42,Sedan,5,C,50,FALSE,FALSE,BA,
9:00,53,SUV,5,C,50,FALSE,FALSE,BA,
9:00,42,SUV,5,C,50,FALSE,FALSE,BA,
9:00,45,Sedan,5,C,50,FALSE,FALSE,BA,
9:00,55,Truck,5,C,50,FALSE,FALSE,BA,
9:00,58,Sedan,5,C,50,FALSE,FALSE,BA,
9:00,55,SUV,5,C,50,FALSE,FALSE,BA,
9:00,42,SUV,5,C,50,FALSE,FALSE,BA,
9:00,45,SUV,5,C,50,FALSE,FALSE,BA,
9:00,45,SUV,5,C,50,FALSE,FALSE,BA,
9:00,42,SUV,5,C,50,FALSE,FALSE,BA,
9:00,42,Sedan,5,C,50,FALSE,FALSE,BA,
9:00,51,Compact,5,C,50,FALSE,FALSE,BA,
9:00,50,SUV,5,C,50,FALSE,FALSE,BA,
9:00,54,Truck,5,C,50,FALSE,FALSE,BA,
9:00,46,SUV,5,C,50,FALSE,FALSE,BA,
9:00,44,Sedan,5,C,50,FALSE,FALSE,BA,
9:00,42,Sedan,5,C,50,FALSE,FALSE,BA,
9:00,53,Sedan,5,C,50,FALSE,FALSE,BA,
9:00,54,Sedan,5,C,50,FALSE,FALSE,BA,
9:00,50,SUV,5,C,50,FALSE,FALSE,BA,
9:00,52,Truck,5,C,50,FALSE,FALSE,BA,
9:00,53,Sedan,5,C,50,FALSE,FALSE,BA,
9:00,47,SUV,5,C,50,FALSE,FALSE,BA,
9:00,44,SUV,5,C,50,FALSE,FALSE,BA,
9:00,50,Truck,5,C,50,FALSE,FALSE,BA,
9:00,56,Sedan,5,C,50,FALSE,FALSE,BA,
9:00,56,SUV,5,C,50,FALSE,FALSE,BA,
7:15,17,Sedan,2,T,35,TRUE,TRUE,BA,
7:15,17,Sedan,2,T,35,TRUE,TRUE,BA,
7:15,16,Sedan,2,T,35,TRUE,TRUE,BA,
7:15,21,Compact,2,T,35,TRUE,TRUE,BA,
7:15,18,SUV,2,T,35,TRUE,TRUE,BA,
7:15,19,SUV,2,T,35,TRUE,TRUE,BA,
7:15,20,Sedan,2,T,35,TRUE,TRUE,BA,
7:15,21,SUV,2,T,35,TRUE,TRUE,BA,
7:15,19,Sedan,2,T,35,TRUE,TRUE,BA,
7:15,15,SUV,2,T,35,TRUE,TRUE,BA,
7:15,20,Sedan,2,T,35,TRUE,TRUE,BA,
7:15,18,SUV,2,T,35,TRUE,TRUE,BA,
7:15,16,SUV,2,T,35,TRUE,TRUE,BA,
7:15,19,Truck,2,T,35,TRUE,TRUE,BA,
7:15,16,Sedan,2,T,35,TRUE,TRUE,BA,
7:15,21,Sedan,2,T,35,TRUE,TRUE,BA,
7:15,23,Sedan,2,T,35,TRUE,TRUE,BA,
7:15,23,SUV,2,T,35,TRUE,TRUE,BA,
7:15,18,SUV,2,T,35,TRUE,TRUE,BA,
7:15,21,Compact,2,T,35,TRUE,TRUE,BA,
7:15,23,Sedan,2,T,35,TRUE,TRUE,BA,
7:15,16,SUV,2,T,35,TRUE,TRUE,BA,
7:15,18,Van,2,T,35,TRUE,TRUE,BA,
7:15,19,Sedan,2,T,35,TRUE,TRUE,BA,
7:15,16,SUV,2,T,35,TRUE,TRUE,BA,
7:15,20,Compact,2,T,35,TRUE,TRUE,BA,
7:15,20,SUV,2,T,35,TRUE,TRUE,BA,
7:15,17,SUV,2,T,35,TRUE,TRUE,BA,
7:15,17,SUV,2,T,35,TRUE,TRUE,BA,
7:15,19,SUV,2,T,35,TRUE,TRUE,BA,
7:15,20,SUV,2,T,35,TRUE,TRUE,BA,
7:15,18,SUV,2,T,35,TRUE,TRUE,BA,
7:15,20,SUV,2,T,35,TRUE,TRUE,BA,
7:15,21,SUV,2,T,35,TRUE,TRUE,BA,
7:15,17,Sedan,2,T,35,TRUE,TRUE,BA,
7:15,22,SUV,2,T,35,TRUE,TRUE,BA,
7:15,16,SUV,2,T,35,TRUE,TRUE,BA,
7:15,25,Sedan,2,T,35,TRUE,TRUE,BA,
7:15,18,Sedan,2,T,35,TRUE,TRUE,BA,
7:15,19,Sedan,2,T,35,TRUE,TRUE,BA,
7:15,19,Sedan,2,T,35,TRUE,TRUE,BA,
7:15,16,SUV,2,T,35,TRUE,TRUE,BA,
7:15,18,SUV,2,T,35,TRUE,TRUE,BA,
7:15,14,Compact,2,T,35,TRUE,TRUE,BA,
7:15,14,Sedan,2,T,35,TRUE,TRUE,BA,
7:15,17,SUV,2,T,35,TRUE,TRUE,BA,
7:15,15,SUV,2,T,35,TRUE,TRUE,BA,
7:15,15,SUV,2,T,35,TRUE,TRUE,BA,
7:15,13,Sedan,2,T,35,TRUE,TRUE,BA,
7:15,19,Sedan,2,T,35,TRUE,TRUE,BA,
7:15,15,SUV,2,T,35,TRUE,TRUE,BA,
7:15,19,Truck,2,T,35,TRUE,TRUE,BA,
7:15,19,SUV,2,T,35,TRUE,TRUE,BA,
7:15,23,Sedan,2,T,35,TRUE,TRUE,BA,
7:15,16,Sedan,2,T,35,TRUE,TRUE,BA,
7:15,18,Sedan,2,T,35,TRUE,TRUE,BA,
7:25,18,SUV,2,C,35,TRUE,TRUE,BA,
7:25,24,SUV,2,C,35,TRUE,TRUE,BA,
7:25,27,Sedan,2,C,35,TRUE,TRUE,BA,
7:25,25,SUV,2,C,35,TRUE,TRUE,BA,
7:25,23,Sedan,2,C,35,TRUE,TRUE,BA,
7:25,20,Sedan,2,C,35,TRUE,TRUE,BA,
7:25,17,Compact,2,C,35,TRUE,TRUE,BA,
7:25,16,SUV,2,C,35,TRUE,TRUE,BA,
7:25,23,Sedan,2,C,35,TRUE,TRUE,BA,
7:25,20,Sedan,2,C,35,TRUE,TRUE,BA,
7:25,19,SUV,2,C,35,TRUE,TRUE,BA,
7:25,17,Sedan,2,C,35,TRUE,TRUE,BA,
7:25,27,SUV,2,C,35,TRUE,TRUE,BA,
7:25,17,Sedan,2,C,35,TRUE,TRUE,BA,
7:25,19,Sedan,2,C,35,TRUE,TRUE,BA,
7:25,25,SUV,2,C,35,TRUE,TRUE,BA,
7:25,18,Sedan,2,C,35,TRUE,TRUE,BA,
7:25,28,Compact,2,C,35,TRUE,TRUE,BA,
7:25,28,Sedan,2,C,35,TRUE,TRUE,BA,
7:25,30,SUV,2,C,35,TRUE,TRUE,BA,
7:25,24,Sedan,2,C,35,TRUE,TRUE,BA,
7:25,20,Sedan,2,C,35,TRUE,TRUE,BA,
7:25,23,Sedan,2,C,35,TRUE,TRUE,BA,
7:25,28,SUV,2,C,35,TRUE,TRUE,BA,
7:25,18,Sedan,2,C,35,TRUE,TRUE,BA,
7:25,21,Sedan,2,C,35,TRUE,TRUE,BA,
7:25,24,Van,2,C,35,TRUE,TRUE,BA,
7:25,20,Sedan,2,C,35,TRUE,TRUE,BA,
7:25,17,Compact,2,C,35,TRUE,TRUE,BA,
7:25,31,SUV,2,C,35,TRUE,TRUE,BA,
7:25,15,Sedan,2,C,35,TRUE,TRUE,BA,
7:25,20,Sedan,2,C,35,TRUE,TRUE,BA,
7:25,29,Sedan,2,C,35,TRUE,TRUE,BA,
7:25,20,Compact,2,C,35,TRUE,TRUE,BA,
7:25,24,Van,2,C,35,TRUE,TRUE,BA,
7:25,18,Sedan,2,C,35,TRUE,TRUE,BA,
7:25,23,Sedan,2,C,35,TRUE,TRUE,BA,
7:25,24,Sedan,2,C,35,TRUE,TRUE,BA,
7:25,26,Sedan,2,C,35,TRUE,TRUE,BA,
7:25,30,Sedan,2,C,35,TRUE,TRUE,BA,
7:25,19,Truck,2,C,35,TRUE,TRUE,BA,
7:25,24,Sedan,2,C,35,TRUE,TRUE,BA,
7:25,28,SUV,2,C,35,TRUE,TRUE,BA,
7:25,30,Sedan,2,C,35,TRUE,TRUE,BA,
7:25,22,Sedan,2,C,35,TRUE,TRUE,BA,
7:25,18,Sedan,2,C,35,TRUE,TRUE,BA,
7:25,16,Sedan,2,C,35,TRUE,TRUE,BA,
7:25,25,Sedan,2,C,35,TRUE,TRUE,BA,
7:25,30,SUV,2,C,35,TRUE,TRUE,BA,
7:25,22,SUV,2,C,35,TRUE,TRUE,BA,
7:25,19,SUV,2,C,35,TRUE,TRUE,BA,
7:25,22,SUV,2,C,35,TRUE,TRUE,BA,
7:25,27,SUV,2,C,35,TRUE,TRUE,BA,
7:25,17,Sedan,2,C,35,TRUE,TRUE,BA,
7:25,19,SUV,2,C,35,TRUE,TRUE,BA,
7:25,18,Truck,2,C,35,TRUE,TRUE,BA,
7:25,18,Van,2,C,35,TRUE,TRUE,BA,
7:25,21,SUV,2,C,35,TRUE,TRUE,BA,
7:25,24,Compact,2,C,35,TRUE,TRUE,BA,
7:25,29,Sedan,2,C,35,TRUE,TRUE,BA,
7:25,19,SUV,2,C,35,TRUE,TRUE,BA,
7:25,24,Sedan,2,C,35,TRUE,TRUE,BA,
7:25,19,SUV,2,C,35,TRUE,TRUE,BA,
7:25,19,SUV,2,C,35,TRUE,TRUE,BA,
7:25,20,Sedan,2,C,35,TRUE,TRUE,BA,
7:25,20,SUV,2,C,35,TRUE,TRUE,BA,
7:25,21,Compact,2,C,35,TRUE,TRUE,BA,
7:25,19,SUV,2,C,35,TRUE,TRUE,BA,
7:25,24,SUV,2,C,35,TRUE,TRUE,BA,
7:25,27,Sedan,2,C,35,TRUE,TRUE,BA,
7:25,25,SUV,2,C,35,TRUE,TRUE,BA,
7:25,29,SUV,2,C,35,TRUE,TRUE,BA,
7:25,25,Sedan,2,C,35,TRUE,TRUE,BA,
7:25,25,Sedan,2,C,35,TRUE,TRUE,BA,
7:25,34,SUV,2,C,35,TRUE,TRUE,BA,